date,mean_average,most_bearish_response,quart_1_25_at_below,quart_2_median,quart_3_25_at_above,most_bullish_response,standard_deviation,naaim_number,sp_500
5/20/26,82.02,-100,69,96,100,200,55.01,82.02,7432.97
5/13/26,77.34,-200,78.75,99,100,200,68.17,77.34,7444.25
5/6/26,96.67,0,87.5,100,100,200,43.28,96.67,7365.12
4/29/26,93.79,-50,80,100,100,200,48.61,93.79,7135.95
4/22/26,94.15,0,80,100,100,200,51.9,94.15,7137.9
4/15/26,79.49,-200,50,90,100,200,68.87,79.49,7022.95
4/8/26,69.38,-0.04,37.5,74.5,100,200,51.31,69.38,6616.85
4/1/26,68.36,-100,37,82.5,100,200,55.64,68.36,6575.32
3/25/26,68.52,-0.14,31.75,82,100,200,47.03,68.52,6591.9
3/18/26,60.24,-200,0.7875,90,100,200,68.13,60.24,6624.7
3/11/26,66.99,-200,50,88,100,200,62.78,66.99,6775.8
3/4/26,79.29,0,45,98,100,200,49.98,79.29,6869.5
2/25/26,74.93,-200,50,98,100,200,64.84,74.93,6946.13
2/18/26,82.87,0,77.5,98,100,200,47.62,82.87,6881.31
2/11/26,80.61,-200,80,100,100,200,63.52,80.61,6941.47
2/4/26,84.93,-200,80,99,100,200,64.57,84.93,6882.72
1/28/26,92.58,0,80,100,100,200,46.41,92.58,6978.03
1/21/26,88.46,-200,90,100,100,200,60.31,88.46,6875.62
1/14/26,96.01,0,95,100,102.5,200,50.37,96.01,6926.6
1/7/26,97.72,0,85.25,100,100,200,50.86,97.72,6920.93
12/31/25,92.93,0,81.25,100,100,200,48.97,92.93,6845.5
12/24/25,95.08,0,97,100,100,200,49.27,95.08,6932.05
12/17/25,100.7,0,87.25,100,100,200,46.38,100.7,6721.43
12/10/25,97.13,-50,87.25,100,100,200,45.89,97.13,6886.68
12/3/25,98.57,0,88,100,100,200,47.59,98.57,6849.72
11/26/25,89.92,0,80,100,100,200,50.29,89.92,6812.61
11/19/25,86.56,-100,76.25,100,100,200,51.59,86.56,6642.16
11/12/25,87.87,0,68.25,100,100,200,39.42,87.87,6850.92
11/5/25,90.06,0,77.5,100,100,200,40.86,90.06,6796.29
10/29/25,100.83,-100,96,100,110,200,55.36,100.83,6890.59
10/22/25,90.35,-100,83.75,100,100,200,52.1,90.35,6699.4
10/15/25,84.87,-100,77.5,100,100,200,50.98,84.87,6671.06
10/8/25,84.57,-200,86.5,100,100,200,69.27,84.57,6753.72
10/1/25,80.66,-200,81.5,100,100,200,71.13,80.66,6711.2
9/24/25,86.24,-100,80,100,100,200,66.77,86.24,6637.97
9/17/25,84.76,-200,90,100,100,200,71.96,84.76,6600.35
9/10/25,86.11,-200,90,100,100,200,71.06,86.11,6532.04
9/3/25,81.58,-200,85,100,100,200,63.56,81.58,6448.26
8/27/25,92.94,0,90,100,100,200,44.7,92.94,6481.4
8/20/25,98.15,0,86,100,100,200,44.79,98.15,6395.78
8/13/25,85.66,-200,90,100,100,200,69.55,85.66,6466.58
8/6/25,96.26,0,90,100,100,200,35.96,96.26,6345.06
7/30/25,76.85,-200,81.25,99,100,200,64.89,76.85,6362.9
7/23/25,81.07,-200,85.5,98,100,200,64.98,81.07,6358.91
7/16/25,83.69,-125,90,98,100,200,57.22,83.69,6263.7
7/9/25,86.28,-200,88.75,100,100,200,69.71,86.28,6263.26
7/2/25,99.3,-40,86.25,100,100,200,54.77,99.3,6227.42
6/25/25,81.41,-200,83.5,99,100,200,72.73,81.41,6092.16
6/18/25,94.09,-75,85,100,100,200,52.15,94.09,5980.87
6/11/25,82.66,-200,76.25,100,100,200,73.68,82.66,6022.24
6/4/25,81.62,-200,75,100,100,200,67.68,81.62,5970.81
5/28/25,88.41,-75,75,98.5,100,200,53.2,88.41,5888.55
5/21/25,80.87,-100,66.25,93,100,200,60.35,80.87,5844.61
5/14/25,70.56,-200,60,85,100,200,65.03,70.56,5892.58
5/7/25,81.06,-50,50,87.5,100,200,51.46,81.06,5631.28
4/30/25,59.92,-200,50,66,100,200,77.24,59.92,5569.06
4/23/25,40.67,-100,0,50,85,107.16,50.87,40.67,5375.86
4/16/25,35.16,-200,0,50,80,200,65.53,35.16,5275.7
4/9/25,56.96,0,0,40,94,200,60.04,56.96,5456.9
4/2/25,49.37,-200,0.75,60,99,200,83.68,49.37,5670.97
3/26/25,57.55,-100,0,80,100,143.61,54.17,57.55,5712.2
3/19/25,64.64,-66,0.45,80,100,200,53.55,64.64,5675.29
3/12/25,68.8,-200,34.375,88,100,200,70.47,68.8,5599.3
3/5/25,74.96,-200,50,90,100,200,69.74,74.96,5842.63
2/26/25,87.87,0,58.25,95,100,200,51.43,87.87,5956.06
2/19/25,91.48,-50,90,100,100,200,49.61,91.48,6144.15
2/12/25,75.62,-100,56.25,92,100,200,52.44,75.62,6051.97
2/5/25,84.91,-50,76.25,95,100,200,54.2,84.91,6061.48
1/29/25,68.28,-200,25.375,95,100,200,65.86,68.28,6039.31
1/22/25,86.08,0,82.25,95,100,200,45.88,86.08,6092.08
1/15/25,70.21,-100,37.25,92,100,200,58.09,70.21,5949.91
1/8/25,65.38,-100,20,80,100,200,55.05,65.38,5918.25
1/1/25,64.1,-200,61.5,93,100,200,90.01,64.1,5881.63
12/25/24,80.39,-200,75,95,100,200,72.16,80.39,6040.04
12/18/24,82.5,-100,60,100,100,200,55.02,82.5,5872.16
12/11/24,99.24,-75,89.5,100,100,200,50.55,99.24,6084.19
12/4/24,85.49,-100,82.75,97,100,200,65.58,85.49,6086.49
11/27/24,98.93,0,91.5,100,111.25,200,44.97,98.93,5998.74
11/20/24,91.33,-67,83.75,100,100,200,55.21,91.33,5917.11
11/13/24,91.6,-100,87.5,100,102.5,200,66.66,91.6,5985.38
11/6/24,88.31,-100,72.5,95,100,200,56.27,88.31,5929.04
10/30/24,82.53,-100,76.25,95,100,200,60.95,82.53,5813.67
10/23/24,79.13,-200,75,92,100,200,75.64,79.13,5797.42
10/16/24,81.68,-200,81.25,99,100,200,70.32,81.68,5842.47
10/9/24,90.26,-75,81.75,100,100,200,54.22,90.26,5792.04
10/2/24,86.93,-100,75,96.5,100,200,56.15,86.93,5709.54
9/25/24,86.64,-200,85,95,100,200,75.61,86.64,5722.26
9/18/24,87.46,-200,71.25,94.5,100,200,69.36,87.46,5618.26
9/11/24,71.93,-200,60,90,100,200,70.66,71.93,5554.13
9/4/24,70.65,-200,64.3,85,100,200,70.38,70.65,5520.07
8/28/24,81.34,-200,80,100,100,200,76.26,81.34,5592.18
8/21/24,74.68,-200,50,97,100,200,67.78,74.68,5620.85
8/14/24,56.57,-200,0.5625,84.85,100,200,89.06,56.57,5455.21
8/7/24,75.33,-150,68.5,87.5,100,200,60.29,75.33,5199.5
7/31/24,83.93,-100,76,97,100,200,62.38,83.93,5522.3
7/24/24,76.7,-100,50,90,100,200,54.03,76.7,5427.13
7/17/24,87.94,-200,80,100,100,200,71.55,87.94,5588.27
7/10/24,93.84,-200,80,100,104.96,200,71.99,93.84,5633.91
7/3/24,103.66,0,90,100,110,200,55.2,103.66,5509.01
6/26/24,85.44,-100,64.75,96.98,100,200,58.35,85.44,5477.9
6/19/24,85.26,-200,79,99.48,101.25,200,74.87,85.26,5487.03
6/12/24,86.3,-50,62,95,100,200,56.33,86.3,5421.03
6/5/24,68.65,-200,70,90,100,200,90.94,68.65,5354.03
5/29/24,92.21,-200,75,95,122.65,200,78.96,92.21,5266.95
5/22/24,94.45,-200,88.75,100,110,200,72.54,94.45,5307.01
5/15/24,89.25,-200,80,100,100,200,71.74,89.25,5308.15
5/8/24,91.55,-100,76.25,100,100,200,59.39,91.55,5187.67
5/1/24,61.97,-200,40,80,100,200,76,61.97,5018.39
4/24/24,59.48,-200,0.155,87.5,100,200,70.79,59.48,5071.63
4/17/24,62.98,-200,41.5,80,100,200,71.42,62.98,5022.21
4/10/24,81.92,-200,78.5,90,100,200,65.73,81.92,5160.64
4/3/24,84.24,-200,81.25,100,100,200,68.21,84.24,5211.49
3/27/24,103.88,50,91.5,100,100,200,31.21,103.88,5248.49
3/20/24,93.22,-200,80,100,100,200,71.21,93.22,5224.62
3/13/24,104.75,0,80,100,100,200,45.2,104.75,5165.31
3/6/24,93.99,-50,85.5,100,100,200,43.54,93.99,5104.76
2/28/24,88.99,-200,80,99,100,200,63.8,88.99,5069.76
2/21/24,74.7,-200,72.25,100,100,200,87.34,74.7,4981.8
2/14/24,95.58,-50,84,100,100,200,42.93,95.58,5000.62
2/7/24,93.77,0,80,95,100,200,40.52,93.77,4995.06
1/31/24,87.36,-200,80,98.77,100,200,67.72,87.36,4845.65
1/24/24,84.13,-200,80,95,100,200,70.54,84.13,4868.55
1/17/24,53.54,-200,30,80,97.5,200,71.66,53.54,4739.21
1/10/24,80.18,0,54.75,89,100,200,43.94,80.18,4783.45
1/3/24,70.95,-200,52.5,85,100,200,68.19,70.95,4704.81
12/27/23,102.71,0,85.5,100,100,200,48.43,102.71,4781.58
12/20/23,97.32,1,81.5,100,100,200,49.87,97.32,4698.35
12/13/23,77.97,-200,77.5,95,100,200,69.78,77.97,4707.09
12/6/23,76.09,-200,80,91.5,100,200,71.14,76.09,4549.34
11/29/23,81.38,-200,80,95,100,200,64.95,81.38,4550.58
11/22/23,77.95,-200,71,85,100,200,68.56,77.95,4556.62
11/15/23,72.06,-200,60,78,100,200,70.6,72.06,4502.88
11/8/23,61.76,0,22.5,50,82,200,52.63,61.76,4382.78
11/1/23,29.17,-200,0,40,75,200,71.18,29.17,4237.86
10/25/23,24.82,-200,0,40,70,200,73.54,24.82,4186.77
10/18/23,66.67,-50,35.625,60,77,200,60.7,66.67,4314.6
10/11/23,45.8,-200,0.1,60,81.5,200,70.16,45.8,4358.24
10/4/23,36.21,-150,0,50,75,200,74.3,36.21,4263.75
9/27/23,43.01,-150,0,60,75,200,60.53,43.01,4274.51
9/20/23,54.33,-50,0.045,69.5,86.75,200,53.81,54.33,4402.2
9/13/23,57.98,-200,50,73,88,200,64.01,57.98,4467.44
9/6/23,49.73,-200,26.5625,60,80,200,70.89,49.73,4496.83
8/30/23,61.19,-200,50,75,89,200,63.6,61.19,4514.87
8/23/23,34.36,-200,0,55,76,200,79.38,34.36,4436.01
8/16/23,59.87,-100,10,75,100,200,67.22,59.87,4404.33
8/9/23,65.49,-100,25.625,75,100,200,63.43,65.49,4467.71
8/2/23,78.46,-200,74.75,86.5,100,200,72.74,78.46,4576.73
7/26/23,101.82,31.25,80,100,100,200,36.34,101.82,4566.75
7/19/23,99.05,0.75,75,100,110,200,44.69,99.05,4565.72
7/12/23,93.34,0.15,72.5,100,100,200,44.26,93.34,4472.16
7/5/23,83.11,-50,63.75,85,100,200,50.49,83.11,4455.59
6/28/23,75.93,-50,50,77.5,100,200,54.14,75.93,4378.41
6/21/23,83.6,0,70.5,85,100,200,45.51,83.6,4365.69
6/14/23,81.66,-50,50,80,100,200,56.21,81.66,4372.59
6/7/23,90.07,31.25,62,87,107.5,200,40.46,90.07,4267.52
5/31/23,53.92,-100,5.375,59,93.25,200,59.12,53.92,4179.83
5/24/23,65.51,0,29.6875,65,88.75,200,52.21,65.51,4115.24
5/17/23,59,-50,35.625,60,87.5,200,48.49,59,4158.77
5/10/23,65.22,-50,35.625,68,100,200,50.84,65.22,4137.64
5/3/23,67.01,0,40.625,67,80,200,43.05,67.01,4090.75
4/26/23,50.81,-50,12.75,60,78.25,200,56.93,50.81,4055.99
4/19/23,78.26,0,50,75,100,200,39.61,78.26,4154.52
4/12/23,58.71,-150,44.5,70,95,200,64.83,58.71,4091.95
4/5/23,72.89,-50,50,80,100,200,45.38,72.89,4090.38
3/29/23,65.15,-50,28.9375,72.5,100,200,49.69,65.15,4027.81
3/22/23,53.21,-100,26.5625,56.5,91.25,200,57.12,53.21,3936.97
3/15/23,41.92,-150,0,55,70,200,66.69,41.92,3891.93
3/8/23,60.11,-150,40,60,100,200,63.44,60.11,3992.01
3/1/23,47.41,-175,23.125,50,75,200,69.32,47.41,3951.39
2/22/23,57.09,-200,45.3125,66,100,200,71.14,57.09,3991.05
2/15/23,81.43,-50,65,75,100,200,47.28,81.43,4147.6
2/8/23,85.4,0.8,69.5,94,100,200,44.25,85.4,4117.86
2/1/23,78.37,-25,50,90,100,200,44.29,78.37,4119.21
1/25/23,75.23,-25,50,76,100,200,45.01,75.23,4016.22
1/18/23,65.07,-60,31.25,50,100,200,58.85,65.07,3928.86
1/11/23,45.31,-25,25,50,60,160,39.74,45.31,3969.61
1/4/23,38.79,-50,0.075,30.625,71.25,200,53.9,38.79,3852.97
12/28/22,43.48,-0.13,4,30.625,55,200,46.68,43.48,3783.22
12/21/22,39.35,-100,15.75,30.625,54.5,200,53.8,39.35,3878.44
12/14/22,71.6,-0.09,45,70,100,200,48.94,71.6,3995.32
12/7/22,55.69,-0.08,0,60,85,200,50.27,55.69,3933.92
11/30/22,64.36,-25,36.25,67.5,100,200,50.1,64.36,4080.11
11/23/22,60.29,-100,50,70,100,200,56.55,60.29,4003.58
11/16/22,64.96,-100,45,70,100,200,60.66,64.96,3958.79
11/9/22,53.33,-100,42.5,52.5,86.25,200,54.63,53.33,3748.57
11/2/22,55.22,-100,38,60,90,200,59.48,55.22,3759.69
10/26/22,53.91,-50,23.75,50,76.25,200,54.08,53.91,3830.6
10/19/22,43.28,-40,0,42,65,200,55.43,43.28,3695.16
10/12/22,19.84,-100,0,5,47.5,200,59.65,19.84,3588.84
10/5/22,38.11,-80,0,40,75,200,58.96,38.11,3783.28
9/28/22,12.61,-150,0,9.625,40,200,66.88,12.61,3719.04
9/21/22,29.59,-100,0,20,54,200,60.97,29.59,3855.93
9/14/22,33.86,-122,0,40,77.5,200,70.46,33.86,3932.69
9/7/22,27.33,-122,0,31,50,200,60.04,27.33,3979.87
8/31/22,32.36,-100,0,30,56.25,200,60.43,32.36,3955
8/24/22,54.86,-100,20,50,92.5,200,59.7,54.86,4140.77
8/17/22,64.44,-50,35,50,100,200,54.27,64.44,4274.04
8/10/22,71.59,-50,35.625,75,100,200,54.24,71.59,4210.24
8/3/22,55.28,-10,10,40,95,200,53.21,55.28,4155.17
7/27/22,47.21,-7,4.0625,35,82.5,200,50.16,47.21,3921.05
7/20/22,44.48,-53,2.1875,45,75,200,51.59,44.48,3959.9
7/13/22,26.74,-100,0,1.25,50,200,58.93,26.74,3801.78
7/6/22,27.85,-100,0,10,65,200,62.05,27.85,3845.08
6/29/22,30.66,-25,0,1.25,50,200,51.78,30.66,3818.83
6/22/22,19.86,-100,0,0,50,200,59.84,18.86,3764.79
6/15/22,32.18,-22,0,15,50,200,50.59,32.18,3789.99
6/8/22,50,0,0.02,50,93,100,43.01,50,4115.77
6/1/22,34.33,-200,0,50,85.875,100,74.08,34.33,4101.23
5/25/22,33.19,0,0,13.5,66.25,100,35.08,33.19,3978.73
5/18/22,19.51,-100,0,0,50,86.75,44.74,19.51,3923.68
5/11/22,24.31,-100,0,4,50,200,58.81,24.31,3935.18
5/4/22,31.76,-70,0,20,72.5,100,45.33,31.76,4300.17
4/27/22,46.25,-100,5,50,73.375,200,69.22,46.25,4175.2
4/20/22,74.05,16,50,80,93.75,112,28.88,74.05,4459.45
4/13/22,63.29,-8,50,75,86.75,100,31.86,63.29,4446.59
4/6/22,83.41,22,55,80,98.9375,200,40.35,83.41,4481.15
3/30/22,79.72,40,62.5,80,100,105,21.67,79.72,4602.45
3/23/22,52.69,-150,30,70,100,125,65.23,52.69,4456.24
3/16/22,46.68,-100,0,50,85,200,60.48,46.68,4357.86
3/9/22,42.58,-200,10,50,80,200,70.96,42.58,4170.7
3/2/22,30.3,-200,0,50,75,100,72.26,30.3,4386.54
2/23/22,44.41,-150,0,47,85,200,71.64,44.41,4225.5
2/16/22,53.49,-200,30,65,80,200,72.38,53.49,4475.01
2/9/22,66.8,0,37.5,85,100,121.25,40.53,66.8,4587.18
2/2/22,62.54,0,20,60,90,200,49.17,62.54,4589.38
1/26/22,53.39,-100,0,70,100,200,66.22,53.39,4349.93
1/19/22,56.73,-125,20,75,91.25,200,76.22,56.73,4577.11
1/12/22,74.78,-150,80,100,100,150,66.02,74.78,4726.35
1/5/22,89.54,0,78.625,100,100,200,42,89.54,4700.58
12/29/21,85.71,0,61.25,100,100,150,38.94,85.71,4793.06
12/22/21,67.02,0,21.25,66.125,100,200,51.45,67.02,4696.56
12/15/21,52.22,-100,11.5,50,100,200,61.89,52.22,4634.09
12/8/21,69.46,-100,48.5,100,100,200,78.33,69.46,4701.21
12/1/21,87.87,-17,60,100,100,200,59.91,87.87,4567
11/24/21,103.14,0,97.5,100,112.4375,200,46.63,103.14,4690.7
11/17/21,102.54,0,100,100,115.0625,200,47.38,102.54,4688.67
11/10/21,103.69,15,97.25,100,109.25,200,43.41,103.69,4646.71
11/3/21,107.99,50,89,100,108.5,200,37.31,107.99,4630.65
10/27/21,103.35,65,85.0625,100,100,200,33.03,103.35,4551.68
10/20/21,98.02,50,87.5,100,100,200,33.46,98.02,4519.63
10/13/21,64.46,-100,47.5,82.5,100,115.25,52.37,64.46,4363.8
10/6/21,68.6,0,25,60,100,200,51.09,68.6,4345.72
9/29/21,55.02,-100,2.5,52.5,100,200,72.13,55.02,4359.46
9/22/21,77.7,0,52.25,82.625,100,200,47.37,77.7,4354.19
9/15/21,87.02,0,60,100,100,200,47.86,87.02,4480.7
9/8/21,84.68,20,45,100,100,200,43.85,84.68,4520.03
9/1/21,93.95,25,81.3125,100,100,200,39.24,93.95,4524.09
8/25/21,92.83,20,80,100,100,200,37.95,92.83,4486.23
8/18/21,70.57,-50,35,90,100,200,58.22,70.57,4400.27
8/11/21,97.55,25,80,100,102.6875,200,38.54,97.55,4447.7
8/4/21,97.72,25,85,100,105.375,200,41.16,97.72,4402.66
7/28/21,78.39,-50,72.75,92.5,100,150,43.07,78.39,4400.64
7/21/21,71.04,0,50,77,100,200,48.75,71.04,4358.69
7/14/21,93.27,25,76.25,90,100,200,37.85,93.27,4374.3
7/7/21,82.54,0,52.5,87.875,100,200,42.66,82.54,4358.13
6/30/21,91.72,0,80.375,100,100,200,38.18,91.72,4297.5
6/23/21,70.86,-50,57.5,80.375,100,130,42.79,70.86,4246.44
6/16/21,98.52,50,80,100,103.88,200,34.16,98.52,4223.7
6/9/21,79.65,0,60,100,100,150,38.92,79.65,4219.55
6/2/21,82.27,0,60,100,100,150,35.83,82.27,4208.12
5/26/21,68.3,0,55,80,99.5,100,35.12,68.3,4195.99
5/19/21,44.21,0,6.25,45,71.25,110.75,35.25,44.21,4115.68
5/12/21,46.86,-50,0,50,82.5,106.25,44.2,46.86,4063.04
5/5/21,87.79,0,66.375,100,100,200,50,87.79,4167.59
4/28/21,103.72,0,85.375,100,105,200,43.65,103.72,4183.18
4/21/21,95.6,0,80.25,99,100,200,39.06,95.6,4173.42
4/14/21,96.57,0,80,100,100,200,39.59,96.57,4124.66
4/7/21,89.85,50,66,80,100,200,35.16,89.95,4079.95
3/31/21,52.02,0,0,80,100,100,47.49,52.02,3972.89
3/24/21,57.52,0,5,75,90,119.75,42.24,57.52,3889.14
3/17/21,78.55,0,80,95,100,100,33.98,78.55,3974.12
3/10/21,48.62,-100,0,75,97.5,100,54.1,48.62,3898.81
3/3/21,65.37,-100,20,80,100,200,62.65,65.37,3819.72
2/24/21,84.99,0,62.5,87.5,100,200,48.64,84.99,3925.43
2/17/21,108.32,0,89.81,100,122.5,200,44.76,108.32,3931.33
2/10/21,110.28,80,100,100,100,200,29.44,110.28,3909.88
2/3/21,79.15,0,50,89.75,100,200,50.88,79.15,3830.17
1/27/21,83.51,-50,70,89.75,100,200,53.82,83.51,3750.77
1/20/21,112.93,75,100,100,119.75,200,36.46,112.93,3851.85
1/13/21,106.76,50,89.81,100,107.5,200,39.85,106.76,3809.84
1/6/21,94.51,0,80,100,101.25,200,39.11,94.51,3748.14
12/30/20,82.97,0,65.25,88.25,100,200,47.07,82.97,3732.04
12/23/20,89.11,0,80,100,100,200,44.19,89.11,3690.01
12/16/20,101.47,0,88.75,100,116.13,200,42.33,101.47,3701.17
12/9/20,106.11,0,89.88,100,100,200,40.98,106.11,3672.82
12/2/20,103.17,0,90,100,100,200,38.9,103.17,3669.01
11/25/20,106.74,0,86.5,100,130,200,44.54,106.74,3635.41
11/18/20,106.41,-12,93.19,100,107.5,200,44.54,106.41,3567.79
11/11/20,96.3,0,70,100,137.5,200,50.26,96.3,3572.66
11/4/20,69.2,0,35,75,100,200,49.7,69.2,3443.44
10/28/20,77.87,0,50,80,100,200,49.64,77.87,3271.03
10/21/20,87.07,-6,80,100,100,200,42.48,87.07,3435.56
10/14/20,102.93,0,92.38,100,100,200,41.56,102.93,3488.67
10/7/20,73.05,-100,57.5,81.25,100,200,63.41,73.05,3419.45
9/30/20,58.25,-100,0,65,100,200,62.62,58.25,3363
9/23/20,55.3,-200,0,62.5,100,200,82.7,55.3,3236.92
9/16/20,59.3,-100,0,65,100,200,71.73,59.3,3385.49
9/9/20,53.09,-100,0,63,98.75,200,60.47,53.09,3398.96
9/2/20,94.71,50,76,100,100,200,35.47,94.71,3580.84
8/26/20,106.56,50,90,100,100,200,38.44,106.56,3478.73
8/19/20,100.13,0,83.75,100,100,200,42.31,100.13,3374.85
8/12/20,101.2,50,87.25,100,100,200,29.1,101.2,3380.35
8/5/20,94.55,-5,87.5,100,100,200,49.4,94.55,3306.51
7/29/20,97.44,17,87.25,100,100,200,36.13,97.44,3218.44
7/22/20,97.88,50,75.75,100,100,200,33.91,97.88,3276.02
7/15/20,90.53,0,61,100,100,200,49.38,90.53,3226.56
7/8/20,85.09,0,52,87.5,100,200,50.49,85.09,3169.94
7/1/20,71.47,-50,55,80,100,200,52.64,71.47,3115.86
6/24/20,76.57,-15,50,75,100,200,43.91,76.57,3050.33
6/17/20,88.25,11,74.25,94,100,200,37.33,88.25,3113.49
6/10/20,77.48,-75,70,80,100,200,54.73,77.48,3190.14
6/3/20,91.6,-20,80.5,100,105.5,150,36.69,91.6,3122.87
5/27/20,81.65,0,50,76,100,200,43.17,81.65,3036.13
5/20/20,63.22,-50,50,65,83.75,200,51.08,63.22,2971.61
5/13/20,57.71,-9,20,50,76,200,49.3,57.71,2820
5/6/20,67.95,0,47.5,66,85,200,41.07,67.95,2848.42
4/29/20,78.55,-32,52.5,78,100,200,41.89,78.55,2939.51
4/22/20,45.34,-100,0,50,80,200,57.95,45.34,2799.31
4/15/20,28.71,-100,0,35,76,100,56.57,28.71,2783.36
4/8/20,26.74,-100,0,25,40,100,44.54,26.74,2749.98
4/1/20,23.67,-100,0,20.5,50,100,40.64,23.67,2470.5
3/25/20,25.87,-32,0,15,50,100,34.05,25.87,2475.56
3/18/20,10.65,-150,0,10,25,100,42.67,10.65,2398.1
3/11/20,16.59,-200,0,10,39,100,58.88,16.59,2741.38
3/4/20,29.03,-200,0,50,98.75,120,72.71,29.03,3130.12
2/26/20,65.03,-100,20,75,100,200,69.72,65.03,3116.39
2/19/20,87.91,0,74,99.38,100,200,35.15,87.91,3363.95
2/12/20,86.08,0,72.5,100,100,200,37.59,86.08,3379.45
2/5/20,62.49,-100,42.5,89.38,100,150,57.84,62.49,3334.69
1/29/20,77.07,-100,59,100,100,200,57.93,77.07,3273.4
1/22/20,93.75,39,90,100,100,150,21.13,93.75,3321.75
1/15/20,89.47,0,75,100,100,150,37.35,89.47,3289.29
1/8/20,94.16,0,90.75,100,100,200,40.66,94.16,3253.05
1/1/20,86.99,17,75.75,100,100,137,32.42,86.99,3230.78
12/25/19,97.44,0,99.69,100,100,140,29.16,97.44,3223.38
12/18/19,98.9,13,94.38,100,100,200,35.82,98.9,3191.14
12/11/19,78.71,-30,65,98.75,100,200,50.69,78.71,3141.63
12/4/19,77.8,-30,36,99,100,200,56.13,77.8,3112.76
11/27/19,76.66,0,60,90,100,150,41.28,76.66,3140.52
11/20/19,78.23,-30,70,100,100,200,52.05,78.23,3108.46
11/13/19,72.25,-30,52.5,85,100,200,49.68,72.25,3094.04
11/6/19,92.26,0,78.5,94.38,100,200,35.5,92.26,3076.78
10/30/19,88.94,-30,71.25,90,100,200,39.58,88.94,3046.77
10/23/19,65.67,-15,50,75,100,125,38.35,65.67,3004.52
10/16/19,57.08,-200,60,80,95.38,100,67.4,57.08,2989.69
10/9/19,57.32,-100,30,75,90,200,57.1,57.32,2919.4
10/2/19,57.39,-200,7.5,75,100,200,78.3,57.39,2940.25
9/25/19,64.85,-50,31.25,75,97.5,200,53.22,64.85,2966.6
9/18/19,77.09,-50,42.5,90,100,200,62.04,77.09,3006.73
9/11/19,75.76,-50,44.5,80,100,200,58.2,75.76,3000.93
9/4/19,56.15,-100,50,70,93.05,134,53.29,56.15,2937.78
8/28/19,59.99,-100,37.5,70,100,200,66.01,59.99,2887.94
8/21/19,70.18,-100,61,82.5,100,200,60.34,70.18,2900.51
8/14/19,58.08,-50,0,80,100,134,49.29,58.08,2840.6
8/7/19,56.59,-100,0,80,100,200,61.58,56.59,2883.98
7/31/19,91.41,0,85,100,100,200,41.31,91.41,2980.38
7/24/19,95.75,-20,90,100,100,200,37.93,95.75,3005.47
7/17/19,81.85,-100,80,98.75,100,200,53.98,81.85,3004.04
7/10/19,87.34,0,68.75,95,100,200,35.63,87.34,2979.63
7/3/19,79.36,-30,68.75,92.5,100,150,37.46,79.36,2973.01
6/26/19,72.28,-100,54.75,90,100,200,56.56,72.28,2913.78
6/19/19,74.91,0,64.5,77.5,99.06,100,25.39,74.91,2926.46
6/12/19,74.26,-30,52.5,81,99.69,150,36.67,74.26,2879.84
6/5/19,54.99,-150,50,68,92.5,134,57.55,54.99,2826.15
5/29/19,59.69,-200,46.5,75,100,200,76.66,59.69,2802.39
5/22/19,70.07,-50,64.25,80,99.69,100,38.76,70.07,2856.27
5/15/19,72.82,-100,64,87.5,100,200,54.45,72.82,2850.96
5/8/19,82.02,-150,89,95,100,200,63.69,82.02,2879.42
5/1/19,89.8,-30,72.5,90,100,200,43.11,89.8,2923.73
4/24/19,92.43,-30,90,100,100,200,38.32,92.43,2927.25
4/17/19,93.37,40,82,100,100,200,29.9,93.37,2900.45
4/10/19,88.9,-30,65,100,100,200,44.35,88.9,2888.21
4/3/19,91.92,9,80,100,100,200,37.44,91.92,2867.24
3/27/19,61.69,-50,38.75,72.5,100,200,58.85,61.69,2805.37
3/20/19,78.25,-50,62,90,100,200,57.44,78.25,2832.57
3/13/19,77.4,-30,52.5,88.5,100,200,50.84,77.4,2810.92
3/6/19,73.9,-30,52.5,83.5,98.75,200,51.87,73.9,2771.45
2/27/19,79.33,-24,50,80,96.43,200,48.78,79.33,2792.38
2/20/19,77.86,-20,57.5,80,98.5,200,46.58,77.86,2784.7
2/13/19,82.01,-20,60,85,100,200,40.51,82.01,2744.73
2/6/19,83.39,-8,60,92,100,200,42.17,83.39,2737.7
1/30/19,76.33,0,52.5,80,100,200,46.03,76.33,2681.05
1/23/19,72.84,-5,50,70,100,200,45.67,72.84,2638.7
1/16/19,75.51,0,45,67.5,100,200,51.01,75.51,2616.1
1/9/19,66.8,0,6,70,99.5,200,60.63,66.8,2584.96
1/2/19,59.43,-25,10,60,100,200,53.3,59.43,2506.85
12/26/18,47.59,0,0,40,82.5,200,50.7,47.59,2467.7
12/19/18,31.96,-100,0,18,62.5,200,63.86,31.96,2506.96
12/12/18,55.51,0,2.5,49.5,94.44,200,50.14,55.51,2651.07
12/5/18,61.96,-100,27.5,75,100,200,61.26,61.96,2700.06
11/28/18,53.21,0,19.25,50,92.81,120,39.99,53.21,2743.79
11/21/18,30.55,-200,2.5,30,79,130,73.89,30.55,2641.89
11/14/18,35.13,-100,7,45,60,107,48.37,35.13,2722.18
11/7/18,64.96,0,50,80,85,100,33.59,64.96,2813.89
10/31/18,61.47,0,45,62.5,85,130,38.96,61.47,2711.74
10/24/18,51.49,-200,22.5,62.5,92.5,150,72.86,51.49,2656.1
10/18/18,67.76,-5,50,70,100,200,45.19,67.76,2809.21
10/10/18,52.86,-133,16.5,50,92.5,200,64.94,52.86,2785.68
10/3/18,84.49,0,60.25,82.5,100,200,43.37,84.49,2925.51
9/26/18,90.73,0,65,90,100,200,44.58,90.73,2905.97
9/19/18,83.92,0,59.75,90,100,200,38.02,83.92,2907.95
9/12/18,90.19,20,75,97,100,200,37.62,90.19,2888.92
9/5/18,85.01,0,66.25,97.5,100,200,43.57,85.01,2888.6
8/29/18,98.3,30,80,100,100,200,38.53,98.3,2914.04
8/22/18,86.46,40,70,82.5,100,200,31.73,86.46,2861.82
8/15/18,78.27,0,52.5,80,100,200,38.94,78.27,2818.37
8/8/18,87.68,28,75,95,100,200,32.78,87.6,2857.7
8/1/18,76.36,0,50,77.5,100,200,40.45,76.36,2813.36
7/25/18,84.96,0,78.75,95,100,200,39.16,84.96,2820.4
7/18/18,82.01,0,62.5,87.5,100,200,38.82,82.01,2815.62
7/11/18,88.56,0,72.5,91,100,200,38.47,88.56,2774.02
7/4/18,76.38,0,53.75,72,99.5,200,46.74,76.38,2713.22
6/27/18,85.06,0,70,95.13,100,200,39,85.06,2699.63
6/20/18,89.2,0,80,95.25,100,200,34.5,89.2,2767.32
6/13/18,103.93,35,85,95.25,100,200,41.63,103.93,2775.63
6/6/18,91.67,11,70,90,100,200,34.51,91.67,2772.35
5/30/18,82.24,0,55,75,100,200,39.76,82.24,2724.01
5/23/18,83.95,-100,70,90,100,200,53.99,83.95,2733.29
5/16/18,85.43,-100,77.5,93.5,100,200,54.33,85.43,2722.46
5/9/18,69.82,0,50,62.5,96.5,200,39.55,69.82,2697.79
5/2/18,52.56,-100,36.25,68,91.25,200,68.15,52.56,2635.67
4/25/18,64.2,-100,36.25,62.5,91.75,200,63.14,64.2,2639.4
4/18/18,77.64,0,65,79,100,200,38.98,77.64,2708.64
4/11/18,65.12,0,45,65,97,200,48.61,65.12,2656.87
4/4/18,55.57,-100,0,67,96,200,58.83,55.57,2644.69
3/28/18,49.36,-100,0,63.5,95,200,66.57,49.36,2605
3/21/18,77.28,-50,50,90,100,200,50.12,77.28,2711.93
3/14/18,85.35,0,67.5,90,100,200,34.69,85.35,2749.48
3/7/18,72.05,-100,50,84,100,200,53.35,72.05,2726.8
2/28/18,81,0,64,84.5,100,200,34.54,81,2713.83
2/21/18,62.69,-100,50,85,95.5,100,50.17,62.69,2701.33
2/14/18,65.43,-100,47,85,98.5,200,55.52,65.43,2698.63
2/7/18,75.9,0,53.75,82,100,200,44.02,75.9,2681.66
1/31/18,84.93,-100,74.5,98.75,100,200,53.07,84.93,2823.81
1/24/18,95.38,0,95,100,100,175,29.33,95.38,2837.54
1/17/18,86.34,0,80,96.88,100,133,27.71,86.34,2802.56
10-1月-18,88.88,0,87,95,100,133,25.40,88.88,2748.23
3-1月-18,90.40,0,89.75,100,100,133.75,25.36,90.40,2713.06
27-12月-17,96.29,0,87,100,100,200,34.64,96.29,2682.62
20-12月-17,101.85,55,85,95,100,200,36.62,101.85,2679.25
13-12月-17,120.56,75,95,100,130,200,44.56,120.56,2662.85
6-12月-17,89.84,-100,78.5,96.5,100,200,48.44,89.84,2629.57
29-11月-17,97.34,0,67.5,95,100,200,47.38,97.34,2626.07
22-11月-17,88.37,0,85,95,100,133.75,27.31,88.37,2599.03
15-11月-17,78.51,-150,70,100,100,200,68.59,78.51,2578.87
8-11月-17,87.23,0,80,98,100,160,34.74,87.23,2594.38
1-11月-17,83.08,-100,61.25,90.5,100,200,57.91,83.08,2579.36
25-10月-17,91.37,-100,66,100,100,200,64.26,91.37,2557.15
18-10月-17,95.38,0,85,100,100,175,38.42,95.38,2561.26
11-10月-17,95.84,0,72.5,100,108.4375,200,47.70,95.84,2550.64
4-10月-17,109.20,80,88,100,115,175,29.22,109.20,2534.58
27-9月-17,106.63,85,93,97,105,170,25.85,106.63,2507.04
20-9月-17,102.04,40,77.5,95.5,100,200,42.84,102.04,2508.24
13-9月-17,97.13,0,71.75,98.375,100,200,45.25,97.13,2498.37
6-9月-17,88.66,0,66.5,90,100,200,52.28,88.66,2465.54
30-8月-17,84.08,0,50,85,100,200,46.31,84.08,2457.59
23-8月-17,87.93,0,62.5,85,100,190,41.20,87.93,2444.04
16-8月-17,85.19,0,56.25,88,100,180,35.52,85.19,2468.11
9-8月-17,83.82,0,60,90,100,200,42.60,83.82,2474.20
2-8月-17,90.95,0,79,98,100,200,42.98,90.95,2477.57
26-7月-17,96.39,0,85,100,100,200,50.26,96.39,2477.13
19-7月-17,85.82,0,80,95,100,200,41.82,85.82,2473.83
12-7月-17,90.99,0,85,99,100,175,32.99,90.99,2443.25
5-7月-17,93.36,0,78,98,100,200,38.94,93.36,2429.01
28-6月-17,97.47,-50,85,100,100,200,51.63,97.47,2440.69
21-6月-17,92.69,-50,84.5,100,100,200,46.29,92.69,2435.61
14-6月-17,93.37,0,85,95,100,200,37.40,93.37,2437.92
7-6月-17,92.10,0,78.75,89,100,200,40.95,92.10,2433.14
31-5月-17,95.86,0,74,95,100,200,48.39,95.86,2411.80
24-5月-17,97.49,0,83.75,100,100,200,43.07,97.49,2404.39
17-5月-17,94.62,-100,82,100,100,200,57.00,94.62,2357.03
10-5月-17,95.20,0,78,95,100,200,45.40,95.20,2399.63
3-5月-17,82.31,0,75,96,100,200,43.62,82.31,2388.13
26-4月-17,88.09,-150,77,100,100,200,59.38,88.09,2387.45
19-4月-17,74.20,-150,70,97,100,175,59.96,74.20,2338.17
12-4月-17,82.95,-150,77.5,100,100,200,65.17,82.95,2344.93
5-4月-17,71.02,-150,52.5,85,100,200,64.78,71.02,2360.16
29-3月-17,68.28,-150,52.5,85,100,200,64.36,68.28,2358.57
22-3月-17,68.68,-100,50,82,100,150,49.66,68.68,2348.45
15-3月-17,80.77,-25,57.5,87.5,100,175,44.97,80.77,2365.45
8-3月-17,87.09,0,65,99,100,177,33.99,87.09,2362.98
1-3月-17,102.07,0,95,100,100,200,40.98,102.07,2395.96
22-2月-17,100.83,0,85,100,100,200,47.31,100.83,2365.38
15-2月-17,95.89,0,83.75,100,100,200,46.40,95.89,2349.25
8-2月-17,96.26,0,80.25,100,100,200,37.20,96.26,2294.67
1-2月-17,94.02,0,80,100,100,200,35.21,94.02,2279.55
25-1月-17,99.28,0,80,99,100,200,38.13,99.28,2298.37
18-1月-17,94.09,0,85,100,100,200,37.74,94.09,2271.89
11-1月-17,89.29,0,69,93.5,100,200,36.19,89.29,2275.32
4-1月-17,99.43,0,82.5,100,102.5,200,41.37,99.43,2270.75
28-12月-16,100.60,25,81.25,99,100,200,40.56,100.60,2263.79
21-12月-16,101.33,30,90,100,100,200,31.32,101.33,2265.18
14-12月-16,96.23,-50,75.75,99.5,100,200,51.23,96.23,2253.28
7-12月-16,101.60,0,90,100,100,200,44.57,101.60,2241.35
30-11月-16,98.02,5,87.5,100,100,200,33.81,98.02,2198.81
23-11月-16,86.56,5,69,91.75,100,150,31.90,86.56,2204.72
15-11月-16,83.42,-50,67.5,98.5,100,200,45.03,83.42,2176.94
9-11月-16,72.96,-150,45,95,100,200,70.25,72.96,2163.26
2-11月-16,58.08,-150,29,77.5,100,200,81.97,58.08,2097.94
26-10月-16,66.47,-150,50,90,100,200,73.20,66.47,2139.43
19-10月-16,63.70,-150,45,90,100,200,79.94,63.70,2144.29
12-10月-16,86.53,-100,70.5,90,100,200,57.79,86.53,2139.18
5-10月-16,78.49,-50,65,95,100,200,61.21,78.49,2159.73
28-9月-16,84.52,-50,69.25,94.25,100,200,48.90,84.52,2171.37
21-9月-16,79.31,-50,69,93.5,100,185,53.63,79.31,2163.12
14-9月-16,68.55,-100,37.25,96.75,100,200,74.81,68.55,2125.77
7-9月-16,90.85,-20,73.2,100,100,200,45.87,90.85,2186.48
31-8月-16,88.10,-50,71,100,100,200,50.59,88.10,2176.12
24-8月-16,97.80,0,76,100,100,200,52.85,97.80,2175.44
17-8月-16,98.79,36.8,77.5,100,100,200,38.35,98.79,2178.15
10-8月-16,92.86,0,75,95,100,200,44.68,92.86,2181.74
3-8月-16,93.05,0,70,95,100,200,40.90,93.05,2157.03
27-7月-16,101.02,0,87.5,100,100,200,38.76,101.02,2169.18
20-7月-16,92.64,-50,70,98,100,200,47.64,92.64,2173.02
13-7月-16,96.52,-100,80,100,100,200,55.47,96.52,2152.43
6-7月-16,65.43,-100,50,72,100,155,59.46,65.43,2099.73
29-6月-16,74.52,-150,64,80,100,200,61.15,74.52,2070.77
22-6月-16,69.35,-150,39.9,95,100,200,73.15,69.35,2085.45
15-6月-16,75.96,-150,50,99,100,200,74.11,75.96,2071.50
8-6月-16,74.80,-150,60,95,100,200,67.61,74.80,2119.12
1-6月-16,68.94,-150,53.75,87.5,100,200,58.20,68.94,2099.33
25-5月-16,64.67,-150,25.75,77.5,100,200,65.84,64.67,2090.54
18-5月-16,60.17,-150,38.05,77.5,100,200,66.03,60.17,2047.63
11-5月-16,49.55,-100,7,60,98.75,150,60.33,49.55,2064.46
4-5月-16,67.66,-100,33,82.5,100,200,63.56,67.66,2051.12
27-4月-16,74.19,-50,45.8,87.5,100,200,56.06,74.19,2095.15
20-4月-16,82.50,-100,57.5,95,100,200,59.27,82.50,2102.40
13-4月-16,63.97,-100,50,67,100,200,52.27,63.97,2082.42
6-4月-16,73.21,-50,50,71.25,100,200,44.99,73.21,2066.66
30-3月-16,67.94,-100,46.25,67.5,100,200,51.17,67.94,2063.95
23-3月-16,59.59,-100,32.625,62.5,98.75,200,55.94,59.59,2036.71
16-3月-16,62.72,-50,33.5,62.5,97.5,200,47.47,62.72,2027.22
9-3月-16,51.01,-50,20.5,50,75,200,49.35,51.01,1989.26
2-3月-16,54.44,-100,25,50,90,200,56.22,54.44,1986.45
24-2月-16,31.65,-100,0,34.4,59,200,57.39,31.65,1929.80
17-2月-16,41.05,-9,0,45,65,150,38.55,41.05,1926.82
10-2月-16,32.87,-100,0,27.5,50,200,53.13,32.87,1851.86
3-2月-16,22.41,-50,0,5,49.5,100,31.78,22.41,1912.53
27-1月-16,42.25,0,0,38,62.75,150,41.41,42.25,1882.85
13-1月-16,34.50,-150,5,50,69.2,200,64.93,34.50,1890.28
6-1月-16,50.26,-150,6.25,57.5,83.75,200,66.59,50.26,1990.26
30-12月-15,47.67,-150,18.75,60,80,200,60.95,47.67,2063.36
23-12月-15,56.66,-150,47,66,95,200,58.63,56.66,2064.29
16-12月-15,61.32,-150,28,70,92.5,200,64.68,61.32,2073.07
9-12月-15,67.92,-36,30,80,100,200,49.78,67.92,2047.62
2-12月-15,68.12,-50,40.25,75,100,200,53.48,68.12,2079.51
25-11月-15,70.45,-50,56,74.4,95,150,34.74,70.45,2089.14
18-11月-15,58.47,-100,48.3,63,95,200,58.42,58.47,2083.58
11-11月-15,68.58,-50,50,75,97.9,200,53.11,68.58,2075.00
4-11月-15,69.16,-100,50,75,99.75,200,51.18,69.16,2102.31
28-10月-15,56.71,-100,25,50,95,200,57.37,56.71,2090.35
21-10月-15,35.67,-50,0,33,60,150,45.35,35.67,2018.94
14-10月-15,44.27,-100,0,27.5,83.75,200,67.17,44.27,1994.24
7-10月-15,38.30,-50,0,22,70,200,56.83,38.30,1995.83
30-9月-15,16.39,-150,0,25,38.5,200,58.08,16.39,1920.03
23-9月-15,21.34,-100,0,19,48.6,150,51.72,21.34,1938.76
16-9月-15,31.57,-100,0,25,55,150,43.81,31.57,1995.31
9-9月-15,26.04,-67,0,18,51.25,150,39.81,26.04,1942.04
2-9月-15,23.85,-100,0,19.5,51.0375,150,45.74,23.85,1913.85
26-8月-15,28.31,-150,0,27.5,63.75,100,54.44,28.31,1867.61
19-8月-15,41.48,-150,0,50,80.45,175,56.91,41.48,2079.61
12-8月-15,48.08,-150,1.5,50,82,200,62.19,48.08,2086.05
5-8月-15,63.17,-150,48.75,76,100,200,63.08,63.17,2099.84
29-7月-15,50.75,-150,1.5,64,82.5,200,65.01,50.75,2108.57
22-7月-15,52.34,-150,16.75,68.5,89.25,200,69.12,52.34,2114.15
15-7月-15,52.24,-150,50,69,81.23,200,62.88,52.24,2107.40
8-7月-15,54.99,-150,21.25,62.5,86.5,200,64.15,54.99,2046.68
1-7月-15,54.84,-150,34.75,63.8,90,200,60.13,54.84,2077.42
24-6月-15,58.96,-150,42,75,85.35,200,58.05,58.96,2108.58
17-6月-15,58.64,-150,45,75,89.87,100,51.06,58.64,2100.44
10-6月-15,68.70,-150,50,86,100,200,58.29,68.70,2105.20
3-6月-15,71.07,-150,63.65,81,100,200,58.57,71.07,2114.07
27-5月-15,65.50,-150,50,80,100,200,59.14,65.50,2123.48
20-5月-15,67.61,-150,50,80,100,200,55.76,67.61,2125.85
13-5月-15,60.38,-150,50,82.98,97,100,54.76,60.38,2098.48
6-5月-15,80.30,-50,63,87,100,200,56.96,80.30,2089.46
29-4月-15,90.60,0,80,100,100,200,34.27,90.60,2114.76
22-4月-15,75.88,-200,69.75,90,100,165,59.57,75.88,2107.96
15-4月-15,86.67,0,77.5,94,100,200,40.54,86.67,2106.63
8-4月-15,86.73,0,80,95,100,150,28.29,86.73,2081.90
1-4月-15,75.86,-100,71.25,85,100,200,54.50,75.86,2059.69
25-3月-15,84.32,0,72.5,90,100,175,30.96,84.32,2061.05
11-3月-15,65.68,-200,40.25,74.5,98.75,200,67.38,65.68,2044.16
4-3月-15,92.15,-50,76.25,98.5,100,200,48.21,92.15,2098.53
25-2月-15,99.23,-50,81,100,107.75,200,45.40,99.23,2113.86
18-2月-15,87.81,0,73.75,92,100,200,42.56,87.81,2099.68
11-2月-15,84.05,0,68,93.5,100,200,37.01,84.05,2068.53
4-2月-15,88.24,0,72.5,95.135,100,200,44.06,88.24,2041.51
28-1月-15,92.62,0,72.5,95,100,200,39.20,92.62,2002.16
21-1月-15,89.01,-100,70,99,100,200,52.55,89.01,2032.12
14-1月-15,87.13,-50,66.25,84,100,200,53.38,87.13,2011.27
7-1月-15,71.11,-200,62.5,85,100,200,73.52,71.11,2025.90
31-12月-14,95.86,0,72.5,100,103.2625,200,43.31,95.86,2080.35
24-12月-14,90.59,0,75,95,100,180,32.71,90.59,2082.17
17-12月-14,65.12,-125,50,80,99.5,200,61.82,65.12,2012.89
10-12月-14,89.01,-100,70,99,100,200,52.55,89.01,2026.14
3-12月-14,86.06,-100,70,90,100,200,53.37,86.06,2074.33
25-11月-14,86.78,-200,80,100,107.86,200,64.44,86.78,2067.03
19-11月-14,72.06,-125,52.5,77.5,99.0425,200,54.69,72.06,2048.72
12-11月-14,85.43,-125,65.5,86.5,100,200,59.75,85.43,2038.25
5-11月-14,77.68,-125,60,80,100,200,62.91,77.68,2023.57
29-10月-14,74.78,-125,50,80,96,200,65.53,74.78,1982.30
22-10月-14,41.38,-200,10,50,81,150,62.31,41.38,1927.11
15-10月-14,9.97,-200,0,30,50,85,67.69,9.97,1862.49
8-10月-14,33.14,-150,17.75,50,63.75,200,66.57,33.14,1968.89
1-10月-14,41.03,-125,14,50,83.75,200,66.81,41.03,1946.16
24-9月-14,59.76,-125,50,66,91.735,200,55.54,59.76,1998.30
17-9月-14,67.08,-125,50,75,95,200,49.13,67.08,2001.57
10-9月-14,63.63,-125,46.25,75,95,200,57.33,63.63,1995.69
3-9月-14,82.49,-100,55.5,80,100,202.2,59.21,82.49,2000.72
27-8月-14,78.84,-50,61.25,86.5,100,200,47.66,78.84,2000.12
20-8月-14,56.77,-125,29.25,68,85.19,200,62.56,56.77,1986.51
13-8月-14,50.61,-125,27.25,62.5,82.25,100,45.92,50.61,1946.72
6-8月-14,50.87,-125,35,50,80,200,51.80,50.87,1920.24
30-7月-14,81.62,-50,70,89,100,150,34.47,81.62,1970.07
23-7月-14,82.75,-50,70,91.5,100,170,39.31,82.75,1987.01
16-7月-14,81.91,-50,67.75,97.5,100,150,44.72,81.91,1981.57
9-7月-14,82.47,0,64.5,100,100,150,35.06,82.47,1972.83
2-7月-14,85.48,-50,67,95,100,200,47.50,85.48,1974.62
25-6月-14,88.15,-100,70,100,109.48,200,60.45,88.15,1959.53
18-6月-14,88.59,-50,68.75,97.5,100,200,44.31,88.59,1956.98
11-6月-14,87.30,0,70,95,100,200,38.37,87.30,1943.89
4-6月-14,90.86,0,67.5,90,100,200,42.35,90.86,1927.88
28-5月-14,72.52,-125,52.75,87.5,100,200,56.38,72.52,1909.78
21-5月-14,67.23,-125,50,75,100,177,46.93,67.23,1888.03
14-5月-14,78.18,0,58.75,81.5,100,177,30.36,78.18,1888.53
7-5月-14,76.81,-9,50,78,100,177,37.40,76.81,1867.12
30-4月-14,82.63,-50,59.25,85,100,210,45.80,82.63,1878.33
23-4月-14,76.58,-50,60,80,100,167,35.38,76.58,1875.39
16-4月-14,75.92,0,55,75,100,167,35.61,75.92,1862.31
9-4月-14,85.21,0,66,90,100,150,31.32,85.21,1872.18
2-4月-14,91.43,-50,65,85,100,200,44.19,91.43,1890.90
26-3月-14,91.12,30,71.25,95.5,100,175,30.02,91.12,1852.56
19-3月-14,89.84,0,70,97,100,200,38.47,89.84,1860.77
18-3月-14,67.77,-200,57.5,80,100,200,62.43,67.77,2099.50
12-3月-14,85.20,-50,71.5,94.775,100,160,38.59,85.20,1868.20
5-3月-14,89.06,15,76.25,97.795,100,162,28.18,89.06,1873.81
26-2月-14,91.62,40,77.5,90,100,200,32.17,91.62,1845.16
19-2月-14,75.95,-125,60,80,100,200,53.89,75.95,1840.76
12-2月-14,73.26,-125,60,80,100,150,50.46,73.26,1819.26
5-2月-14,50.97,-125,31.25,55,80,135,48.90,50.97,1751.64
29-1月-14,70.94,-125,65,82,100,120,48.68,70.94,1774.20
22-1月-14,95.13,10,86,100,100,170,33.28,95.13,1844.86
15-1月-14,96.83,15,95,100,100,170,33.54,96.83,1848.38
8-1月-14,92.27,0,91,100,100,170,36.87,92.27,1837.49
2-1月-14,95.03,25,90.5,100,100,165,29.44,95.03,1831.98
26-12月-13,98.94,50,95,100,100,165,25.49,98.94,1842.02
18-12月-13,94.35,0,89.75,100,100,165,29.56,94.35,1810.65
11-12月-13,100.69,0,86.5,100,118.975,165,35.63,100.69,1782.22
4-12月-13,94.75,0,87.25,100,100,163,30.23,94.75,1792.81
27-11月-13,101.45,50,95,100,106.555,163,26.85,101.45,1807.23
20-11月-13,87.43,-100,73.25,100,100,150,47.32,87.43,1781.37
13-11月-13,80.67,-100,72.5,98,100,150,53.72,80.67,1782.00
6-11月-13,84.81,0,62,100,100,150,29.76,84.81,1762.97
30-10月-13,94.59,-5,87.5,100,100,150,29.66,94.59,1763.31
23-10月-13,79.37,-100,64,95,100,150,46.05,79.37,1746.38
16-10月-13,82.05,5,56.25,100,100,130,30.40,82.05,1721.54
9-10月-13,54.26,-125,45,50,97.5,150,64.65,54.26,1655.45
2-10月-13,73.13,-150,52.5,92.5,100,150,55.27,73.13,1693.87
25-9月-13,80.47,-100,55,100,100,150,48.28,80.47,1692.77
18-9月-13,62.48,0,42.5,70,95,100,32.05,62.48,1725.52
11-9月-13,66.75,0,43.75,67.5,96.25,125,31.10,66.75,1689.13
4-9月-13,42.26,-100,30,50,69.5,100,44.32,42.26,1653.08
28-8月-13,46.92,-100,40,50,77.25,125,45.74,46.92,1634.96
21-8月-13,34.76,-100,31,50,60,125,56.53,34.76,1642.80
14-8月-13,69.85,-70,50,70.5,88.75,200,42.70,69.85,1685.39
7-8月-13,75.70,20,50,75,97.5,150,30.24,75.70,1697.37
31-7月-13,74.05,-125,64.5,95,100,150,54.48,74.05,1685.73
24-7月-13,87.50,15,75,95,100,200,33.44,87.50,1692.39
17-7月-13,61.73,-125,50,78.5,100,107.5,53.11,61.73,1680.91
10-7月-13,47.08,-125,23.75,47.5,90,200,55.88,47.08,1652.62
3-7月-13,39.91,-50,20,40,59,100,35.22,39.91,1615.41
26-6月-13,34.21,-125,19.75,37.5,52.25,150,49.30,34.21,1603.26
19-6月-13,51.53,-125,30,50,90,130,49.42,51.53,1628.93
12-6月-13,61.90,-125,41,60,98.69,200,54.21,61.90,1612.52
5-6月-13,51.58,-125,30,50,90,200,58.97,51.58,1608.90
29-5月-13,77.19,-125,62.5,95,100,155,58.20,77.19,1648.36
22-5月-13,82.02,-125,71,92.5,100,166,47.22,82.02,1655.35
15-5月-13,84.23,-2,65,95,100,166,35.52,84.23,1658.78
8-5月-13,79.11,-125,71.5,95,100,165,54.93,79.11,1625.96
1-5月-13,80.61,0,55,75,100,165,37.94,80.61,1597.57
24-4月-13,69.90,-125,50,70,100,200,58.80,69.90,1578.79
17-4月-13,69.63,-125,50,80,100,170,53.35,69.63,1574.57
10-4月-13,77.25,-125,56.25,84.5,100,170,52.12,77.25,1587.73
3-4月-13,72.71,-125,56.25,87.5,100,170,61.57,72.71,1553.69
27-3月-13,80.06,0,55,87,100,170,40.66,80.06,1562.85
20-3月-13,79.77,0,68,80,100,150,32.61,79.77,1558.71
13-3月-13,85.64,0,68,95,100,170,42.82,85.64,1554.52
6-3月-13,90.15,-50,71,97,100,170,40.09,90.15,1541.46
27-2月-13,82.77,-35,55,89.5,107.375,160,48.40,82.77,1515.99
20-2月-13,91.07,-10,70.25,99,102.25,160,38.08,91.07,1530.94
13-2月-13,89.85,-2,80,99,100,162,38.39,89.85,1519.43
6-2月-13,94.06,-2,75,100,100,190,40.08,94.06,1512.12
30-1月-13,104.25,60,85.25,97.5,110,180,32.24,104.25,1507.84
23-1月-13,86.38,-125,66,95,100,190,53.95,86.38,1494.81
16-1月-13,84.67,-200,67.75,97.5,100,200,60.85,84.67,1472.63
9-1月-13,83.27,-100,65,90,100,150,43.59,83.27,1461.02
2-1月-13,75.98,-125,59.25,77.5,100,200,53.25,75.98,1462.42
26-12月-12,88.10,0,67,85,100,200,44.51,88.10,1419.83
19-12月-12,80.19,-100,62.5,81.5,100,200,49.81,80.19,1435.81
12-12月-12,82.91,0,51.5,80,100,200,40.87,82.91,1427.84
5-12月-12,75.71,-125,51,85,100,200,53.95,75.71,1409.28
28-11月-12,55.19,-125,20,70,100,150,58.26,55.19,1409.93
21-11月-12,64.20,-25,40,50,100,170,42.98,64.20,1391.03
14-11月-12,67.22,-125,23.75,77.5,99.65,170,64.79,67.22,1355.49
7-11月-12,57.95,-125,40,65,90,170,57.54,57.95,1428.39
31-10月-12,75.11,-125,50,85,100,200,59.22,75.11,1412.16
24-10月-12,64.39,-125,50,70,95,170,59.78,64.39,1408.75
17-10月-12,65.38,-160,48.75,85.5,100,170,71.78,65.38,1460.91
10-10月-12,64.59,-125,30,80,100,175,66.48,64.59,1432.56
3-10月-12,76.03,-125,50.75,95,100,200,57.27,76.03,1445.75
26-9月-12,69.75,-125,48,80,100,175,56.02,69.75,1441.59
19-9月-12,81.19,-125,70,95,102.5,175,52.94,81.19,1461.05
12-9月-12,72.99,-125,60,76,100,170,50.12,72.99,1433.56
5-9月-12,77.43,-125,55,80,100,200,50.15,77.43,1403.44
29-8月-12,82.89,-10,60,80,100,200,40.67,82.89,1410.49
22-8月-12,69.21,-125,40,80,100,200,59.57,69.21,1413.17
15-8月-12,76.26,-75,53.75,85,100,175,42.60,76.26,1403.93
8-8月-12,70.75,-30,45,80,97,163,39.42,70.75,1401.35
1-8月-12,67.80,-125,40,70,95,200,53.94,67.80,1379.32
25-7月-12,74.39,0,33,65,100,200,50.01,74.39,1338.31
18-7月-12,67.74,-125,47.5,70,92.5,200,52.76,67.74,1363.67
11-7月-12,61.85,-125,37.1025,60,89.75,200,53.62,61.85,1341.47
5-7月-12,63.28,-125,46,60,83.5,180,49.21,63.28,1367.58
27-6月-12,44.84,-125,30,50,64.5,200,48.14,44.84,1319.99
20-6月-12,52.33,-125,32.5,53,70,200,45.66,52.33,1355.69
13-6月-12,43.63,-10,22.5,40,62.16,125,29.53,43.63,1314.88
6-6月-12,49.32,0,25,50,60,140,34.96,49.32,1315.13
30-5月-12,28.65,-125,0,36.5,57.1,110,46.73,28.65,1313.32
23-5月-12,31.78,-125,13,40,50,135,45.50,31.78,1318.86
16-5月-12,58.71,0,36.5,50,87,200,41.36,58.71,1324.80
9-5月-12,64.21,-125,40,50,94.75,200,54.14,64.21,1354.58
2-5月-12,63.68,-125,43.75,67.5,95,175,50.54,63.68,1405.82
25-4月-12,48.31,-125,25,50,82.5,150,56.77,48.31,1390.69
18-4月-12,46.14,-125,33.75,50,77.5,175,56.90,46.14,1385.14
11-4月-12,51.93,-125,31.25,50,92.25,150,53.21,51.93,1368.71
4-4月-12,69.82,-50,50,70,100,150,38.55,69.82,1398.96
28-3月-12,71.97,-29,50,75,100,150,40.60,71.97,1405.54
21-3月-12,68.64,-125,55,75,99,155,47.06,68.64,1405.52
14-3月-12,71.79,-125,50,80,100,175,47.80,71.79,1394.28
7-3月-12,57.37,-200,40,53.5,96,150,56.66,57.37,1352.63
29-2月-12,73.78,-50,60,77,100,155,36.76,73.78,1365.68
22-2月-12,76.28,-60,50,87.5,100,150,37.17,76.28,1362.21
15-2月-12,73.00,-35,50,75,100,175,36.23,73.00,1343.23
8-2月-12,72.66,-40,50,72,100,150,36.82,72.66,1349.96
1-2月-12,67.52,-75,50,75,100,125,39.38,67.52,1324.09
25-1月-12,56.33,-125,40,65,100,125,53.51,56.33,1326.05
18-1月-12,52.50,-100,30.75,60,90.5,125,49.05,52.50,1308.04
11-1月-12,49.34,-125,35,50,84,100,47.07,49.34,1292.48
4-1月-12,43.14,-125,28.75,47.5,60.5,140,41.40,43.14,1277.30
28-12月-11,43.56,-50,30,45,54,100,28.56,43.56,1249.64
21-12月-11,36.62,-125,23.6575,42.5,50,110,39.52,36.62,1243.72
14-12月-11,35.69,-125,19.5,38.5,50,175,48.20,35.69,1211.82
7-12月-11,34.80,-125,11.25,40,58.75,100,43.66,34.80,1261.01
30-11月-11,30.02,-125,0,34,50,130,42.22,30.02,1246.96
23-11月-11,34.77,-125,8.3375,34.5,50,150,45.87,34.77,1188.04
16-11月-11,54.00,-125,30,60,85,150,52.00,54.00,1236.91
9-11月-11,44.05,-125,8,52,80,130,55.69,44.05,1229.10
2-11月-11,45.43,-125,18.75,50,85,150,55.32,45.43,1237.90
26-10月-11,38.12,-125,25,50,66.5,100,45.23,38.12,1242.00
19-10月-11,21.32,-125,0,23.5,47.75,100,40.92,21.32,1209.88
12-10月-11,0.00,-200,-3.75,12.5,34.25,70,58.88,0.00,1207.25
5-10月-11,-3.56,-200,0,0,16,130,54.52,-3.56,1144.03
28-9月-11,4.18,-125,0,0,26.25,90,38.97,4.18,1151.06
21-9月-11,27.90,-125,0,11,50,190,51.00,27.90,1166.76
14-9月-11,26.78,-125,0,10,50,200,50.57,26.78,1188.68
7-9月-11,25.31,-125,0,15,50,120,46.85,25.31,1198.62
31-8月-11,22.19,-140,0,15,50,100,44.78,22.19,1218.89
24-8月-11,20.17,-125,0,15,45,100,40.40,20.17,1177.60
17-8月-11,28.78,-125,0,20,50,200,47.52,28.78,1193.89
10-8月-11,21.40,-125,0,14.5,50,100,42.05,21.40,1120.76
3-8月-11,32.87,-125,0,42,60,150,50.44,32.87,1260.34
27-7月-11,62.70,-55,40,50,89.5,200,42.65,62.70,1304.89
20-7月-11,66.31,-125,47.5,66,95.5,200,49.79,66.31,1325.84
13-7月-11,53.93,-125,40,55,95,150,53.48,53.93,1317.72
6-7月-11,50.39,-170,32,55,84,150,57.90,50.39,1339.22
29-6月-11,31.98,-140,0,35,60,150,54.00,31.98,1307.41
22-6月-11,29.28,-125,0,28.5,54.75,117,48.13,29.28,1287.14
15-6月-11,25.95,-125,0,25,50,155,54.88,25.95,1265.42
8-6月-11,42.79,-125,27.25,50,72.5,167,58.56,42.79,1279.56
1-6月-11,52.86,-100,40,60,77.5,170,47.06,52.86,1314.55
25-5月-11,58.93,-125,45,60,85,200,56.87,58.93,1320.47
18-5月-11,68.41,-100,45,80,100,200,57.02,68.41,1340.68
11-5月-11,74.66,-125,50,85,100,200,51.78,74.66,1342.08
4-5月-11,76.13,-50,55,75,100,175,47.87,76.13,1347.32
27-4月-11,81.90,0,50,82.5,100,200,43.74,81.90,1355.66
20-4月-11,82.95,0,62.25,82.5,100,200,41.72,82.95,1330.36
13-4月-11,80.63,0,60,78,100,200,38.73,80.63,1314.41
6-4月-11,80.79,0,59,80,100,200,39.17,80.79,1335.54
30-3月-11,70.92,0,50,72,95,160,33.44,70.92,1328.26
23-3月-11,50.83,-100,18.75,50,83.75,160,54.67,50.83,1297.54
16-3月-11,41.00,-200,21.25,50,80,160,64.32,41.00,1256.88
9-3月-11,75.34,-10,58.5,77.5,95,165,34.89,75.34,1320.02
2-3月-11,70.92,-100,50,75,100,160,43.94,70.92,1308.44
23-2月-11,68.13,-100,48.75,79,100,160,53.94,68.13,1307.40
16-2月-11,83.73,-50,70,97,100,160,39.53,83.73,1336.32
9-2月-11,86.28,0,70,96.5,100,165,36.24,86.28,1302.88
2-2月-11,82.13,0,62.5,91.5,100,160,37.30,82.13,1304.03
26-1月-11,76.18,-50,56.25,95,100,150,44.56,76.18,1296.63
19-1月-11,70.83,-100,50,85,100,150,48.20,70.83,1281.92
12-1月-11,76.88,0,50,85.5,100,150,34.52,76.88,1285.96
5-1月-11,78.51,-50,55,90,100,140,36.00,78.51,1276.56
29-12月-10,80.21,20,55,85,100,150,25.87,80.21,1259.78
22-12月-10,81.83,-40,70,92.5,100,130,30.94,81.83,1258.84
15-12月-10,74.74,-125,72.5,90,100,150,48.88,74.74,1235.23
8-12月-10,63.11,-125,50,82.5,100,145,56.85,63.11,1228.28
1-12月-10,62.47,-200,50,81.5,100,200,71.40,62.47,1206.07
24-11月-10,66.67,-200,50,85,100,200,68.73,66.67,1198.35
17-11月-10,66.59,-125,50,80,100,200,64.71,66.59,1178.59
11-11月-10,71.46,-200,65,97,100,200,73.63,71.46,1218.71
3-11月-10,69.47,-125,42.5,77.5,100,200,57.60,69.47,1197.96
27-10月-10,57.66,-200,50,75,96.25,175,74.05,57.66,1182.45
20-10月-10,72.17,-125,50,80,100,175,54.04,72.17,1178.17
13-10月-10,67.14,-125,50,80,100,170,55.01,67.14,1178.10
6-10月-10,76.42,-125,50,77.5,100,200,59.69,76.42,1159.97
29-9月-10,68.26,-125,42.5,66,95,200,65.97,68.26,1144.73
22-9月-10,55.29,-150,36.25,55,87.25,200,74.43,55.29,1134.28
15-9月-10,42.30,-200,22,50,85,155,73.39,42.30,1125.07
8-9月-10,48.26,-200,24,50,78.75,180,72.42,48.26,1098.87
1-9月-10,52.78,-125,20,50,80,200,62.56,52.78,1080.29
25-8月-10,43.94,-60,20,50,66.25,200,55.91,43.94,1055.33
18-8月-10,56.08,-125,42.75,50,78.75,155,53.95,56.08,1094.16
11-8月-10,54.68,-125,30,60,90,200,70.17,54.68,1089.47
4-8月-10,59.11,-125,28.75,60,100,200,58.52,59.11,1127.24
28-7月-10,50.21,-125,22,40,96,200,63.65,50.21,1106.13
21-7月-10,45.33,-125,17,40,65,200,55.50,45.33,1069.59
14-7月-10,49.85,-125,21.5,50,80,200,52.38,49.85,1095.17
7-7月-10,13.47,-200,0,25,50,100,60.79,13.47,1060.27
30-6月-10,36.05,-125,10,40,50,200,51.88,36.05,1030.71
23-6月-10,54.24,-125,25,50,85,200,59.38,54.24,1092.04
16-6月-10,30.42,-200,13.25,37.5,65.25,130,60.17,30.42,1114.61
9-6月-10,34.76,-125,8.5,30,61.25,200,50.57,34.76,1055.69
2-6月-10,27.05,-200,13.75,27.5,50,110,55.84,27.05,1098.38
26-5月-10,40.67,-50,15,27.5,53.75,200,45.44,40.67,1067.95
19-5月-10,40.38,-125,6,35,72.5,200,65.24,40.38,1115.05
12-5月-10,42.39,-200,20.75,52.5,85,160,67.42,42.39,1171.67
5-5月-10,67.89,-125,40,71,100,200,73.78,67.89,1165.87
28-4月-10,83.91,0,51,80,100,200,46.03,83.91,1191.36
21-4月-10,81.64,0,50,80,100,200,42.33,81.64,1205.94
14-4月-10,77.22,-100,52.25,90,100,150,45.15,77.22,1210.65
7-4月-10,85.91,-50,51,95,107.5,200,50.04,85.91,1182.45
31-3月-10,83.26,0,50.5,95,100,200,46.37,83.26,1169.43
24-3月-10,76.45,-125,50,80,100,200,57.76,76.45,1167.72
17-3月-10,77.30,-100,50,95,100,200,55.50,77.30,1166.21
10-3月-10,51.19,-200,35,70,100,150,68.95,51.19,1145.61
3-3月-10,54.89,-125,30,50,82.5,200,61.02,54.89,1118.79
24-2月-10,44.55,-125,18,50,80,200,61.00,44.55,1105.24
17-2月-10,36.51,-200,22.5,50,70,140,59.03,36.51,1099.51
10-2月-10,21.76,-200,0,30,58.75,160,68.82,21.76,1068.13
3-2月-10,33.18,-200,7.5,47,79,160,68.48,33.18,1097.28
27-1月-10,61.91,-125,30,70,90,200,66.11,61.91,1097.5
20-1月-10,63.83,-200,47.5,76.5,100,200,79.25,63.83,1138.04
13-1月-10,72.97,-125,45,85,100,200,57.83,72.97,1145.68
6-1月-10,70.65,-125,50,80,100,200,54.77,70.65,1137.14
30-12月-09,74.56,-50,38.5,75,100,200,53.70,74.56,1126.42
23-12月-09,61.08,-200,35,72.5,100,160,65.36,61.08,1120.59
16-12月-09,75.57,-50,40,82,100,200,53.68,75.57,1109.18
9-12月-09,68.74,-50,36,65,100,200,56.95,68.74,1095.95
2-12月-09,82.19,10,50,77.5,100,200,49.33,82.19,1109.24
25-11月-09,67.07,-100,35,68,100,200,56.69,67.07,1110.63
18-11月-09,65.56,0,22.25,77.5,96.25,150,44.76,65.56,1109.8
11-11月-09,69.21,-100,50,65,100,200,53.91,69.21,1098.51
4-11月-09,64.94,-50,23.75,71.5,100,200,61.13,64.94,1046.5
28-10月-09,74.68,-50,40,80,100,200,64.60,74.68,1042.63
21-10月-09,77.83,-80,50,85,100,200,52.23,77.83,1081.4
14-10月-09,74.38,-200,50,80,100,200,61.73,74.38,1092.02
7-10月-09,67.86,-200,50,75,100,200,71.40,67.86,1057.58
30-9月-09,86.41,20,50,77.5,98.75,200,49.48,86.41,1057.08
23-9月-09,80.64,-50,50,77.5,100,200,53.32,80.64,1060.87
16-9月-09,68.00,-200,50,75,97.5,200,63.59,68.00,1068.76
9-9月-09,63.06,-200,40,70,100,200,63.36,63.06,1033.37
2-9月-09,54.71,-200,25,50,95,200,81.41,54.71,994.75
26-8月-09,55.21,-200,35,50,80,200,71.14,55.21,1028.12
19-8月-09,31.22,-200,0,40,70,200,76.39,31.22,996.46
12-8月-09,51.56,-50,19.25,50,72.5,200,54.17,51.56,1005.81
5-8月-09,69.00,0,40,67.5,98.5,200,44.58,69.00,1002.72
29-7月-09,37.41,-200,20,47.5,68.75,150,61.37,37.41,975.15
22-7月-09,37.38,-200,0,45,73,140,57.65,37.38,954.07
15-7月-09,22.61,-150,0,16,55,120,52.81,22.61,932.68
8-7月-09,21.65,-200,0,20,60,200,64.16,21.65,879.56
1-7月-09,35.67,-75,0,30,65,200,54.89,35.67,923.33
24-6月-09,27.97,-200,0,38.5,65,200,66.26,27.97,900.94
17-6月-09,49.92,-50,10.5,50,65,200,52.63,49.92,910.71
10-6月-09,64.81,0,33.75,65,88.75,200,44.47,64.81,939.15
3-6月-09,51.46,-200,30,53,85,200,65.16,51.46,931.76
27-5月-09,40.34,-200,18,50,75,150,56.58,40.34,906.83
20-5月-09,50.41,-50,15,50,80,200,45.67,50.41,903.47
13-5月-09,56.82,-25,20,50,75,200,50.71,56.82,883.92
6-5月-09,33.19,-200,5,40,57.5,200,67.14,33.19,919.53
29-4月-09,35.76,-200,0,47,75,200,67.77,35.76,873.64
22-4月-09,22.67,-200,0,29,50,120,65.51,22.67,843.55
15-4月-09,41.61,-100,10.75,45,55.5,200,48.42,41.61,852.06
8-4月-09,35.30,-200,5,38,50,200,59.14,35.30,825.16
1-4月-09,18.85,-200,0,25,50,125,67.93,18.85,811.08
25-3月-09,47.75,-50,15.75,50,60,200,49.16,47.75,813.88
18-3月-09,9.97,-200,0,15,36.25,100,50.63,9.97,794.35
11-3月-09,4.23,-200,0,5,17.5,100,51.00,4.23,721.36
4-3月-09,2.15,-200,0,0,22.5,100,48.80,2.15,712.87
25-2月-09,13.35,-200,0,15,37.25,100,46.38,13.35,764.9
18-2月-09,25.97,-40,0,15,45,200,49.84,25.97,788.42
11-2月-09,24.14,-50,0,10,45.5,200,42.69,24.14,833.74
4-2月-09,17.80,-100,0,20,39,100,33.09,17.80,832.23
28-1月-09,20.22,-200,0,25,50,100,49.01,20.22,874.09
21-1月-09,19.67,-200,0,32,50,100,51.04,19.67,840.24
14-1月-09,26.51,-200,0,33,50,200,64.58,26.51,842.62
7-1月-09,29.09,-200,5,40,50,100,51.01,29.09,906.65
31-12月-08,22.06,-200,0,16,51.25,155,55.14,22.06,903.25
24-12月-08,24.41,-200,0,10,50,170,55.29,24.41,868.15
17-12月-08,14.43,-200,0,10,50,140,53.49,14.43,904.42
10-12月-08,3.68,-200,0,0,22.5,100,49.21,3.68,899.24
3-12月-08,9.65,-80,0,0,25,200,45.36,9.65,870.74
26-11月-08,9.67,-200,0,0,25,200,57.85,9.67,887.68
19-11月-08,11.71,-100,0,0,20,200,43.98,11.71,806.58
12-11月-08,15.06,-80,0,5,30,200,44.41,15.06,852.3
5-11月-08,9.62,-200,0,2.5,38.75,100,49.89,9.62,952.77
29-10月-08,10.00,-200,0,2.5,40,125,53.88,10.00,930.09
22-10月-08,8.37,-200,0,2.5,32.25,100,44.13,8.37,896.78
15-10月-08,18.00,-80,0,5,33.5,200,40.55,18.00,907.84
8-10月-08,-2.97,-200,0,0,16.25,50,51.28,-2.97,984.94
1-10月-08,16.27,-100,0,0,33,100,33.41,16.27,1161.06
24-9月-08,19.11,-125,0,10.5,26.25,200,46.36,19.11,1185.87
17-9月-08,16.09,-125,0,10,30,200,47.42,16.09,1156.39
10-9月-08,28.32,-50,0,19.25,50,200,44.25,28.32,1232.04
3-9月-08,29.92,-200,0,30,50,200,65.07,29.92,1274.98
27-8月-08,30.03,-50,0,20,50,200,50.18,30.03,1281.66
21-8月-08,39.76,-50,3.25,29,56,200,50.10,39.76,1277.72
13-8月-08,33.27,-50,0,20,50,200,53.12,33.27,1285.83
6-8月-08,18.30,-200,0,20,50,100,52.66,18.30,1289.19
30-7月-08,12.56,-200,0,20,50,100,61.75,12.56,1284.26
23-7月-08,13.81,-200,0,20,50,100,57.91,13.81,1282.19
16-7月-08,10.22,-200,0,5,50,100,51.28,10.22,1245.36
9-7月-08,2.03,-200,-40,0,45,200,75.85,2.03,1244.69
2-7月-08,28.03,-50,0,24.5,52.5,200,52.72,28.03,1261.52
25-6月-08,32.00,-50,0,25,63.5,200,55.26,32.00,1321.97
18-6月-08,44.22,-160,7.5,40,86.25,200,65.08,44.22,1337.81
11-6月-08,36.46,-200,0,30,85,200,78.83,36.46,1335.49
4-6月-08,58.15,-125,30,50,100,200,65.79,58.15,1377.2
28-5月-08,69.48,-125,40,70,100,200,66.21,69.48,1390.84
21-5月-08,68.72,-125,35,75,100,200,65.70,68.72,1390.71
14-5月-08,56.41,-200,25,70,100,200,68.46,56.41,1408.66
7-5月-08,66.04,-15,50,80,97.5,125,37.80,66.04,1392.57
1-5月-08,74.47,0,50,65,90,200,44.96,74.47,1364.71
23-4月-08,59.27,0,25,50,89.5,200,41.97,59.27,1364.71
16-4月-08,49.86,-200,25,50,80,200,56.32,49.86,1364.71
9-4月-08,46.92,-125,30,50,80,200,69.47,46.92,1332.83
2-4月-08,42.07,-180,10,35,81.25,200,72.95,42.07,1370.4
26-3月-08,26.69,-200,0,34,50,200,69.09,26.69,1315.22
19-3月-08,44.00,0,10,37.5,66.25,200,44.17,44.00,1329.51
12-3月-08,45.28,-30,0,20,50,200,63.15,45.28,1288.14
5-3月-08,38.34,-100,0,35,52.5,200,56.33,38.34,1293.37
27-2月-08,13.96,-200,7.5,20,67.5,115,82.93,13.96,1330.63
20-2月-08,33.67,-80,0,22.5,65,200,57.33,33.67,1353.11
13-2月-08,15.33,-200,0,20,57.5,200,74.68,15.33,1349.99
6-2月-08,30.89,-200,0,22.5,56.25,200,70.45,30.89,1331.29
30-1月-08,25.63,-160,0,10,55,200,62.16,25.63,1395.42
23-1月-08,39.91,-200,0,33.5,75,200,74.04,39.91,1330.61
16-1月-08,12.92,-200,0,20,50,100,58.39,12.92,1325.19
9-1月-08,41.45,-200,0,50,85,200,75.14,41.45,1401.02
2-1月-08,83.55,0,50,70,100,200,55.23,83.55,1411.63
26-12月-07,74.79,-50,47.5,80,100,200,50.50,74.79,1478.49
19-12月-07,56.27,-200,22.5,52.5,97.5,200,71.47,56.27,1484.46
12-12月-07,73.57,-200,50,87.5,100,200,69.02,73.57,1467.95
5-12月-07,69.43,-90,40,72.5,90,200,60.54,69.43,1504.66
28-11月-07,51.07,-200,25,57.5,92.5,200,68.93,51.07,1481.14
21-11月-07,51.04,-70,18.75,46,66.25,200,60.49,51.04,1440.7
14-11月-07,68.35,0,44,65,98.25,200,40.68,68.35,1458.74
7-11月-07,84.44,-20,50,80,100,200,52.53,84.44,1453.7
31-10月-07,65.69,-200,38.75,90,100,200,75.07,65.69,1509.65
24-10月-07,69.14,-200,50,90,100,200,65.85,69.14,1535.28
17-10月-07,86.46,-50,75,92.5,100,200,49.21,86.46,1500.63
10-10月-07,66.43,-125,52.5,90,100,130,56.23,66.43,1561.8
3-10月-07,75.49,-125,65,90,100,200,61.37,75.49,1557.59
26-9月-07,77.36,0,60,75,93.75,200,38.19,77.36,1526.75
19-9月-07,63.50,0,50,57.5,87.5,200,42.41,63.50,1525.75
12-9月-07,46.55,-125,0,40,85,200,69.60,46.55,1484.25
5-9月-07,39.63,-50,7.5,40,77.5,100,45.02,39.63,1453.55
29-8月-07,-2.11,-200,-3.75,5,41.25,100,72.57,-2.11,1473.99
22-8月-07,38.19,-15,0,22.5,50,200,52.70,38.19,1479.37
15-8月-07,21.25,-100,0,5,33.75,200,57.03,21.25,1445.94
8-8月-07,43.82,-50,0,31,70,200,65.10,43.82,1453.64
1-8月-07,39.00,-125,0,36,52.5,200,59.66,39.00,1433.06
25-7月-07,40.58,-125,0,50,85,200,63.77,40.58,1458.95
18-7月-07,74.13,0,50,80,94.5,200,45.89,74.13,1534.1
11-7月-07,62.39,-100,50,75,90,200,51.35,62.39,1530.44
5-7月,56.06,-125,38.75,77.5,91.25,200,60.18,56.06,1552.5
27-6月-07,74.23,-50,45,77,100,200,55.83,74.23,1503.35
20-6月-07,61.47,-125,40,85,100,200,67.95,61.47,1502.56
13-6月-07,53.04,-125,0,75,100,150,65.54,53.04,1532.91
6-6月-07,57.63,-125,27,80,97.5,200,62.81,57.63,1507.67
30-5月-07,80.55,-50,65,90,100,200,48.79,80.55,1536.34
23-5月-07,82.50,-125,80.25,90,100,200,53.98,82.50,1515.73
16-5月-07,87.38,-125,87.75,100,100,200,51.82,87.38,1522.75
9-5月-07,73.83,-125,67.5,97.5,100,117,55.06,73.83,1505.85
2-5月-07,82.67,-125,63.75,92,100,200,59.06,82.67,1505.62
25-4月-07,75.42,-125,80,90,100,200,59.00,75.42,1494.07
18-4月-07,54.14,-200,38,80,100,112,69.28,54.14,1484.35
11-4月-07,59.32,-125,50,66,90,200,57.83,59.32,1452.85
4-4月-07,45.65,-125,21,57.5,87.5,200,64.54,45.65,1443.76
28-3月-07,44.54,-120,16,47.5,82.5,200,61.63,44.54,1420.86
21-3月-07,47.70,-100,21.5,40,85,200,54.91,47.70,1436.11
14-3月-07,38.05,-150,24,45,90,100,68.64,38.05,1386.95
7-3月-07,52.40,-75,30,50,90,150,48.60,52.40,1402.84
28-2月-07,89.33,-100,85,100,100,200,53.73,89.33,1387.17
21-2月-07,73.68,-150,61.5,90,100,118,52.76,73.68,1451.19
14-2月-07,79.09,-100,67.5,92.5,100,200,55.65,79.09,1455.54
7-2月-07,82.00,-50,62.5,90,100,200,45.93,82.00,1438.06
31-1月-07,80.75,-50,62.5,87.5,100,200,49.38,80.75,1448.39
24-1月-07,72.59,-50,52.5,85,100,125,42.72,72.59,1422.18
17-1月-07,84.89,0,68,100,100,112,27.90,84.89,1430.5
10-1月-07,58.88,-150,50,81.5,100,125,65.21,58.88,1430.73
3-1月-07,100.05,50,85,100,108,200,32.24,100.05,1409.71
27-12月-06,85.17,-30,79,100,100,150,35.21,85.17,1418.3
20-12月-06,92.91,50,83.5,100,100,150,22.35,92.91,1410.76
13-12月-06,93.00,50,85,100,100,125,19.42,93.00,1427.09
6-12月-06,74.73,-150,75.75,100,100,125,58.03,74.73,1409.84
29-11月-06,86.67,-25,72.5,100,100,150,38.41,86.67,1396.71
22-11月-06,92.43,50,80,100,100,150,20.82,92.43,1400.95
15-11月-06,68.10,-150,56,89,100,150,61.30,68.10,1401.2
8-11月-06,73.96,-50,53,90,100,150,46.65,73.96,1380.9
1-11月-06,80.96,-100,68.75,90,100,200,53.86,80.96,1364.3
25-10月-06,80.16,-100,70,90,100,200,53.12,80.16,1377.34
18-10月-06,84.41,-20,77.5,95,100,150,33.22,84.41,1368.6
11-10月-06,60.09,-125,50,82.5,100,120,59.83,60.09,1365.62
4-10月-06,69.70,-100,50,88,100,175,59.40,69.70,1349.59
27-9月-06,49.90,-125,45,50,90,123,55.81,49.90,1335.85
20-9月-06,78.00,20,50,82.5,100,150,31.26,78.00,1314.78
13-9月-06,45.80,-100,15,50,85,150,56.23,45.80,1319.66
6-9月-06,49.38,-70,50,60,90,100,50.37,49.38,1298.92
30-8月-06,42.10,-60,0,50,75,100,45.17,42.10,1311.01
23-8月-06,42.10,-60,0,50,75,100,45.17,42.10,1295.09
16-8月-06,38.60,-100,0,50,75,150,56.52,38.60,1302.3
9-8月-06,45.02,-100,31.25,50,58.75,150,47.48,45.02,1266.74
2-8月-06,44.23,-50,21.25,50,53.75,175,43.69,44.23,1279.36
26-7月-06,17.38,-50,0,15,50,100,33.78,17.38,1278.55
19-7月-06,18.76,-100,0,25,50,100,38.17,18.76,1240.29
12-7月-06,31.20,-50,0,25,50,150,47.84,31.20,1236.2
5-7月-06,19.44,-100,0,20,50,100,55.55,19.44,1265.48
